Query,Category
"Panoramic sunroof makes whistling noise only at speeds above 70mph",Technical Issues & Troubleshooting
"Dynamic cruise control deactivates unexpectedly in tunnel passages",Technical Issues & Troubleshooting
"Rain-sensing wipers activate randomly on sunny days after car wash",Technical Issues & Troubleshooting
"Memory seats shift to wrong position when unlocking with specific key",Technical Issues & Troubleshooting
"Proximity sensors malfunction specifically in underground parking",Technical Issues & Troubleshooting
"Auto-dimming mirrors stay dark after exiting dark environments",Technical Issues & Troubleshooting
"Start-stop system hesitates to restart in high humidity conditions",Technical Issues & Troubleshooting
"Backup camera displays distorted image during nighttime operation",Technical Issues & Troubleshooting
"Electronic parking brake engages spontaneously at highway speeds",Technical Issues & Troubleshooting
"Ventilated seats produce uneven cooling between left and right",Technical Issues & Troubleshooting
"What's involved in high-altitude vehicle maintenance package?",Maintenance & Servicing
"Recommended service intervals for vehicles used in coastal areas",Maintenance & Servicing
"Special maintenance requirements for police pursuit vehicles",Maintenance & Servicing
"Schedule for brake fluid change in high-performance models",Maintenance & Servicing
"Maintenance protocol for vehicles stored long-term in humid climate",Maintenance & Servicing
"Service requirements for vehicles used in extreme desert conditions",Maintenance & Servicing
"Maintenance schedule for wheelchair-converted vehicles",Maintenance & Servicing
"Protocol for servicing armored vehicle components",Maintenance & Servicing
"Maintenance requirements for demonstration fleet vehicles",Maintenance & Servicing
"Service intervals for vehicles used in food delivery service",Maintenance & Servicing
"Can the digital instrument cluster be upgraded to latest version?",Vehicle Features & Upgrades
"Options for upgrading standard brakes to carbon ceramic system",Vehicle Features & Upgrades
"Compatibility of aftermarket heads-up display with built-in systems",Vehicle Features & Upgrades
"Possible upgrades for enhancing off-road capability package",Vehicle Features & Upgrades
"Integration options for custom ambient lighting patterns",Vehicle Features & Upgrades
"Upgrade path for adding semi-autonomous driving features",Vehicle Features & Upgrades
"Available modifications for increasing ground clearance",Vehicle Features & Upgrades
"Options for enhancing vehicle's winter performance package",Vehicle Features & Upgrades
"Possibility of adding rear entertainment screens post-purchase",Vehicle Features & Upgrades
"Upgrade options for improving aerodynamic performance",Vehicle Features & Upgrades
"Insurance coverage for vehicles used in driving schools",Financial & Insurance Services
"Financing options for converting fleet to electric vehicles",Financial & Insurance Services
"Warranty implications for vehicles used in motorsport events",Financial & Insurance Services
"Insurance requirements for vehicles with diplomatic plates",Financial & Insurance Services
"Payment plans for major collision repairs not covered by insurance",Financial & Insurance Services
"Special financing rates for certified pre-owned luxury vehicles",Financial & Insurance Services
"Insurance options for vehicles with aftermarket modifications",Financial & Insurance Services
"Lease terms for vehicles used in movie productions",Financial & Insurance Services
"Coverage options for classic car restoration projects",Financial & Insurance Services
"Financial products for protecting custom vehicle modifications",Financial & Insurance Services
"Process for ordering replacement vehicle after total loss",Sales & Post-Purchase Services
"Requirements for purchasing multiple vehicles for rental fleet",Sales & Post-Purchase Services
"Procedures for importing specially modified foreign models",Sales & Post-Purchase Services
"Options for vehicle delivery to remote island locations",Sales & Post-Purchase Services
"Protocol for ordering promotional vehicle wrap services",Sales & Post-Purchase Services
"Steps for transferring custom vehicle build to another dealer",Sales & Post-Purchase Services
"Process for ordering vehicles with specialized police equipment",Sales & Post-Purchase Services
"Procedures for ordering fleet vehicles with company branding",Sales & Post-Purchase Services
"Requirements for ordering vehicles with diplomatic specifications",Sales & Post-Purchase Services
"Protocol for ordering vehicles with broadcast equipment installed",Sales & Post-Purchase Services
"Impact of roof rack installation on electric vehicle range",Environmental & Safety Concerns
"Configuration of vehicle alarm sensitivity in high-crime areas",Environmental & Safety Concerns
"Environmental impact of different wheel cleaning products",Environmental & Safety Concerns
"Safety protocols for transporting hazardous materials",Environmental & Safety Concerns
"Carbon offset programs for commercial vehicle fleets",Environmental & Safety Concerns
"Effect of aftermarket tinting on driver assistance systems",Environmental & Safety Concerns
"Safety considerations for vehicle armor weight distribution",Environmental & Safety Concerns
"Environmental impact of different paint protection methods",Environmental & Safety Concerns
"Emission testing requirements for modified engines",Environmental & Safety Concerns
"Safety protocols for vehicles used in extreme temperatures",Environmental & Safety Concerns
"Availability of sign language interpreters at service centers",Miscellaneous
"Process for documenting diplomatic vehicle maintenance",Miscellaneous
"Requirements for celebrity client privacy protocols",Miscellaneous
"Options for scheduling service during international events",Miscellaneous
"Protocol for handling vehicles with biohazard exposure",Miscellaneous
"Requirements for servicing vehicles with custom art wraps",Miscellaneous
"Process for transferring digital vehicle content licenses",Miscellaneous
"Options for religious accommodation during service visits",Miscellaneous
"Protocol for handling vehicles used in film productions",Miscellaneous
"Requirements for military base vehicle delivery service",Miscellaneous
"Head-up display shows double images after windshield replacement",Technical Issues & Troubleshooting
"Lane detection system fails specifically on freshly paved roads",Technical Issues & Troubleshooting
"Emergency brake assist triggers near specific billboard types",Technical Issues & Troubleshooting
"Voice recognition system struggles with Australian accent",Technical Issues & Troubleshooting
"Recommended maintenance for vehicles used in mining operations",Maintenance & Servicing
"Service protocol for vehicles exposed to volcanic ash",Maintenance & Servicing
"Options for upgrading vehicle's cybersecurity systems",Vehicle Features & Upgrades
"Compatibility of solar panel roof with existing electronics",Vehicle Features & Upgrades
"Insurance coverage for autonomous vehicle testing fleet",Financial & Insurance Services
"Financing options for hydrogen fuel cell conversion",Financial & Insurance Services
"Process for ordering vehicles with diplomatic immunity plates",Sales & Post-Purchase Services
"Protocol for ordering pope mobile specifications",Sales & Post-Purchase Services
"Environmental impact of different charging station types",Environmental & Safety Concerns
"Safety protocols for vehicles used in medical transport",Environmental & Safety Concerns
"Requirements for servicing vehicles with classified modifications",Miscellaneous
"Process for handling royal family vehicle maintenance",Miscellaneous
"Auto-parking system fails near specific types of curbs",Technical Issues & Troubleshooting
"Night vision system produces false alerts near LED signs",Technical Issues & Troubleshooting
"Maintenance requirements for amphibious vehicle conversion",Maintenance & Servicing
"Service intervals for vehicles used in space center operations",Maintenance & Servicing
"Options for upgrading to bulletproof glass package",Vehicle Features & Upgrades
"Compatibility of drone landing pad installation",Vehicle Features & Upgrades
"Insurance options for vehicles used in stunt performances",Financial & Insurance Services
"Warranty coverage for arctic expedition modifications",Financial & Insurance Services
"Process for ordering vehicles with presidential security specs",Sales & Post-Purchase Services
"Protocol for ordering vehicles with research equipment",Sales & Post-Purchase Services
"Environmental impact of different armor materials",Environmental & Safety Concerns
"Safety protocols for nuclear material transport vehicles",Environmental & Safety Concerns
"Requirements for handling prototype vehicle servicing",Miscellaneous
"Process for celebrity vehicle customization privacy",Miscellaneous
"Experiencing intermittent power loss when accelerating on highway above 60mph",Technical Issues & Troubleshooting
"Vehicle's automatic parking system stops midway and displays error code P0123",Technical Issues & Troubleshooting
"Smart key recognition fails in cold weather but works fine during warmer days",Technical Issues & Troubleshooting
"Infotainment screen freezes specifically when using Android Auto navigation",Technical Issues & Troubleshooting
"Adaptive headlights not adjusting properly during night driving on curved roads",Technical Issues & Troubleshooting
"Engine makes knocking sound specifically when shifting between 2nd and 3rd gear",Technical Issues & Troubleshooting
"Auto-hold brake feature randomly disengages at traffic signals on inclines",Technical Issues & Troubleshooting
"Climate control system blows hot air when set to cold but only in rear vents",Technical Issues & Troubleshooting
"Forward collision warning system triggers falsely near metallic road barriers",Technical Issues & Troubleshooting
"Wireless charging pad works intermittently with latest iPhone model",Technical Issues & Troubleshooting
"What's the recommended maintenance schedule for a high-mileage diesel engine?",Maintenance & Servicing
"Need comprehensive maintenance plan for fleet of 20 delivery vehicles",Maintenance & Servicing
"Looking to schedule seasonal tire change and alignment for AWD system",Maintenance & Servicing
"Requirements for maintaining warranty on hybrid battery system",Maintenance & Servicing
"Do you offer mobile tire rotation service for company fleet vehicles?",Maintenance & Servicing
"What's involved in the 100,000-mile major service package?",Maintenance & Servicing
"Seeking details about transmission fluid change for CVT system",Maintenance & Servicing
"Need information about ceramic coating protection for matte paint finish",Maintenance & Servicing
"What's the maintenance procedure for regenerative braking system?",Maintenance & Servicing
"Schedule for replacing timing chain in turbocharged engine",Maintenance & Servicing
"Can the surround-view camera system be upgraded to higher resolution?",Vehicle Features & Upgrades
"Possibility of adding matrix LED headlight system to base model",Vehicle Features & Upgrades
"Upgrade options for enhancing towing capacity with aftermarket parts",Vehicle Features & Upgrades
"Integration capabilities of third-party tracking devices with vehicle's system",Vehicle Features & Upgrades
"Options for upgrading standard suspension to adaptive air suspension",Vehicle Features & Upgrades
"Compatibility of aftermarket performance chip with warranty coverage",Vehicle Features & Upgrades
"Process for activating advanced driver profile settings across multiple keys",Vehicle Features & Upgrades
"Available upgrades for enhancing cold weather performance package",Vehicle Features & Upgrades
"Possibilities for retrofitting latest ADAS features to older model",Vehicle Features & Upgrades
"Options for upgrading standard audio to premium sound system post-purchase",Vehicle Features & Upgrades
"Details about gap insurance coverage for modified vehicle components",Financial & Insurance Services
"Comprehensive insurance options for vehicle used in ride-sharing services",Financial & Insurance Services
"Refinancing options for existing car loan with improved credit score",Financial & Insurance Services
"Extended warranty coverage for commercial use of personal vehicle",Financial & Insurance Services
"Payment plan options for major mechanical repairs not covered by warranty",Financial & Insurance Services
"Insurance implications of installing aftermarket performance modifications",Financial & Insurance Services
"Corporate lease options for mixed fleet of electric and hybrid vehicles",Financial & Insurance Services
"Warranty coverage transfer process when selling vehicle privately",Financial & Insurance Services
"Financial products available for protecting against negative equity",Financial & Insurance Services
"Insurance coverage options for vehicle used in food delivery services",Financial & Insurance Services
"Process for modifying custom order specifications before production",Sales & Post-Purchase Services
"Requirements for bulk purchase discount on fleet of company vehicles",Sales & Post-Purchase Services
"Options for expedited delivery of specially ordered vehicle configuration",Sales & Post-Purchase Services
"Possibility of switching dealership location for ordered vehicle pickup",Sales & Post-Purchase Services
"Trade-in valuation process for modified collector's vehicle",Sales & Post-Purchase Services
"Steps to transfer personalized vehicle settings to replacement model",Sales & Post-Purchase Services
"Protocol for ordering parts not typically available in local market",Sales & Post-Purchase Services
"Process for special ordering commercial vehicle with custom upfitting",Sales & Post-Purchase Services
"Requirements for corporate fleet purchase with international delivery",Sales & Post-Purchase Services
"Procedures for ordering vehicle with mobility modifications pre-installed",Sales & Post-Purchase Services
"Impact of different driving modes on electric vehicle range optimization",Environmental & Safety Concerns
"Configuration of geofencing parameters for teen driver safety features",Environmental & Safety Concerns
"Environmental impact report of manufacturing process for hybrid models",Environmental & Safety Concerns
"Safety protocols for charging electric vehicle during lightning storms",Environmental & Safety Concerns
"Carbon footprint comparison between hybrid and plug-in hybrid variants",Environmental & Safety Concerns
"Integration of sustainable materials in interior upholstery options",Environmental & Safety Concerns
"Safety features effectiveness in extreme weather conditions",Environmental & Safety Concerns
"Environmental impact of different battery disposal methods",Environmental & Safety Concerns
"Configuration options for maximum regenerative braking efficiency",Environmental & Safety Concerns
"Safety ratings for child seats in different seating positions",Environmental & Safety Concerns
"Availability of multi-language support for service appointments",Miscellaneous
"Process for transferring personalized settings between vehicles",Miscellaneous
"Requirements for participating in manufacturer feedback program",Miscellaneous
"Protocol for accessing historical service records from previous owner",Miscellaneous
"Options for scheduling test drives at customer's workplace",Miscellaneous
"My car won't start and the battery light is on",Technical Issues & Troubleshooting
"The check engine light just came on while driving",Technical Issues & Troubleshooting
"Navigation system keeps showing incorrect location",Technical Issues & Troubleshooting
"Car makes grinding noise when turning at low speeds",Technical Issues & Troubleshooting
"Windshield wipers stopped working during rain",Technical Issues & Troubleshooting
"Dashboard warning lights all came on suddenly",Technical Issues & Troubleshooting
"Car stalls when stopping at traffic lights",Technical Issues & Troubleshooting
"Remote key fob not working after battery replacement",Technical Issues & Troubleshooting
"Bluetooth connection drops during calls",Technical Issues & Troubleshooting
"Trunk doesn't open with the electronic release",Technical Issues & Troubleshooting
"When should I schedule my 50,000-mile service?",Maintenance & Servicing
"How often should I rotate the run-flat tires?",Maintenance & Servicing
"Is synthetic oil required for my model?",Maintenance & Servicing
"Need to book annual inspection for fleet vehicles",Maintenance & Servicing
"What's the maintenance schedule for electric models?",Maintenance & Servicing
"Do you offer mobile servicing at my office?",Maintenance & Servicing
"How long does a brake fluid change take?",Maintenance & Servicing
"Can I get maintenance done at any dealership?",Maintenance & Servicing
"What's involved in the winter preparation service?",Maintenance & Servicing
"Do you clean the charging port during service?",Maintenance & Servicing
"How do I setup the hands-free tailgate?",Vehicle Features & Upgrades
"Can the ambient lighting colors be customized?",Vehicle Features & Upgrades
"Is Apple CarPlay available as an upgrade?",Vehicle Features & Upgrades
"How do I activate the parking assistance feature?",Vehicle Features & Upgrades
"Can rear entertainment screens be added later?",Vehicle Features & Upgrades
"What's the towing capacity with the upgrade package?",Vehicle Features & Upgrades
"How do I connect multiple phones to the system?",Vehicle Features & Upgrades
"Can I add a roof rack to my model?",Vehicle Features & Upgrades
"Is it possible to upgrade to leather seats?",Vehicle Features & Upgrades
"How do I set up voice commands in different languages?",Vehicle Features & Upgrades
"What's the interest rate on 60-month financing?",Financial & Insurance Services
"Can I reduce my monthly lease payments?",Financial & Insurance Services
"How do I add another driver to my insurance?",Financial & Insurance Services
"What's covered under the extended warranty?",Financial & Insurance Services
"Do you offer special rates for business fleets?",Financial & Insurance Services
"Can I transfer my lease to another person?",Financial & Insurance Services
"What insurance discounts are available for safety features?",Financial & Insurance Services
"How does the maintenance package financing work?",Financial & Insurance Services
"Is there a military discount on financing?",Financial & Insurance Services
"What's the buyout price for my leased vehicle?",Financial & Insurance Services
"When will my custom-ordered vehicle arrive?",Sales & Post-Purchase Services
"Can I change interior color after ordering?",Sales & Post-Purchase Services
"Do you deliver to my remote location?",Sales & Post-Purchase Services
"What's the trade-in value of my current car?",Sales & Post-Purchase Services
"Can I test drive at my home address?",Sales & Post-Purchase Services
"Is there a waiting list for the limited edition?",Sales & Post-Purchase Services
"Do you offer corporate fleet discounts?",Sales & Post-Purchase Services
"Can I transfer my booking to another model?",Sales & Post-Purchase Services
"What documents needed for company purchase?",Sales & Post-Purchase Services
"Do you buy cars without a trade-in?",Sales & Post-Purchase Services
"What's the electric range in winter conditions?",Environmental & Safety Concerns
"How do I set speed limits for teenage drivers?",Environmental & Safety Concerns
"Where are the nearest charging stations?",Environmental & Safety Concerns
"Is the child seat anchor ISOFIX compatible?",Environmental & Safety Concerns
"What's the vehicle's crash test rating?",Environmental & Safety Concerns
"How eco-friendly is the manufacturing process?",Environmental & Safety Concerns
"Can I track my car's carbon footprint?",Environmental & Safety Concerns
"What safety features work in snow conditions?",Environmental & Safety Concerns
"How do I activate emergency call features?",Environmental & Safety Concerns
"Is the paint eco-friendly and child-safe?",Environmental & Safety Concerns
"Where's the closest service center to airport?",Miscellaneous
"Do you offer shuttle service during repairs?",Miscellaneous
"Can I get a loaner car for extended service?",Miscellaneous
"What are your weekend service hours?",Miscellaneous
"Do you have translators for international customers?",Miscellaneous
"How do I write a review for my salesperson?",Miscellaneous
"Can I speak to a female service advisor?",Miscellaneous
"Do you have disabled access at dealerships?",Miscellaneous
"Is there a loyalty rewards program?",Miscellaneous
"Can I get service records in digital format?",Miscellaneous
"My adaptive cruise control seems inconsistent",Technical Issues & Troubleshooting
"Why does my car hesitate when accelerating?",Technical Issues & Troubleshooting
"Touch screen becomes unresponsive in hot weather",Technical Issues & Troubleshooting
"Driver assistance features disabled after car wash",Technical Issues & Troubleshooting
"What's the procedure for jump-starting hybrid?",Maintenance & Servicing
"How often should I change cabin air filter?",Maintenance & Servicing
"Can wireless charging be added to my model?",Vehicle Features & Upgrades
"How to setup automatic garage door opening?",Vehicle Features & Upgrades
"Does gap insurance cover negative equity?",Financial & Insurance Services
"What's the process for bulk fleet orders?",Sales & Post-Purchase Services
"Is there an app to monitor teen driving?",Environmental & Safety Concerns
"Do you offer valet service for maintenance?",Miscellaneous
"Car makes clicking sound when turning AC on",Technical Issues & Troubleshooting
"Electronic parking brake won't disengage",Technical Issues & Troubleshooting
"Can I schedule service through the app?",Maintenance & Servicing
"Do you offer ceramic coating service?",Maintenance & Servicing
"How do I pair my smartwatch with the car?",Vehicle Features & Upgrades
"Can I add blind spot monitoring later?",Vehicle Features & Upgrades
"What's the deductible for wheel protection?",Financial & Insurance Services
"How long is the waitlist for hybrid models?",Sales & Post-Purchase Services
"What's the battery recycling process?",Environmental & Safety Concerns
"Do you have weekend test drive options?",Miscellaneous
"Lane departure warning triggers randomly",Technical Issues & Troubleshooting
"Transmission shifts roughly in cold weather",Technical Issues & Troubleshooting
"When should timing belt be replaced?",Maintenance & Servicing
"Do you use OEM parts for servicing?",Maintenance & Servicing
"Can I add a heads-up display?",Vehicle Features & Upgrades
"How do I activate the 360-degree camera?",Vehicle Features & Upgrades
"Is paint protection worth adding to lease?",Financial & Insurance Services
"Can I customize dealer accessories?",Sales & Post-Purchase Services
"What's the pedestrian detection range?",Environmental & Safety Concerns
"Are service manuals available online?",Miscellaneous
"Vehicle suspension makes popping noise during cold starts below freezing",Technical Issues & Troubleshooting
"Smart parking system fails to recognize compact spaces in underground lots",Technical Issues & Troubleshooting
"Navigation system reroutes unexpectedly near high-voltage power lines",Technical Issues & Troubleshooting
"Interior ambient lighting flickers only during bluetooth phone calls",Technical Issues & Troubleshooting
"Gesture control features become erratic after window tint installation",Technical Issues & Troubleshooting
"Auto-dimming exterior mirrors stay dark in automated car washes",Technical Issues & Troubleshooting
"Vehicle height adjustment system resets randomly on rough terrain",Technical Issues & Troubleshooting
"Digital dashboard display inverts colors during sunrise hours",Technical Issues & Troubleshooting
"Maintenance protocol for vehicles used in desert safari tours",Maintenance & Servicing
"Service requirements for mobile veterinary clinic conversions",Maintenance & Servicing
"Specialized maintenance for vehicles used in wine country tours",Maintenance & Servicing
"Service intervals for mobile blood donation vehicles",Maintenance & Servicing
"Maintenance schedule for mobile library vehicles",Maintenance & Servicing
"Compatibility of professional drone control systems with vehicle",Vehicle Features & Upgrades
"Options for upgrading to professional photography vehicle setup",Vehicle Features & Upgrades
"Integration capabilities for mobile podcast studio equipment",Vehicle Features & Upgrades
"Available modifications for mobile astronomy observatory",Vehicle Features & Upgrades
"Upgrade options for professional storm chasing equipment",Vehicle Features & Upgrades
"Insurance coverage for mobile art gallery conversions",Financial & Insurance Services
"Financing options for mobile coffee shop vehicle setup",Financial & Insurance Services
"Special coverage for mobile gaming event vehicles",Financial & Insurance Services
"Insurance requirements for mobile fashion boutique conversion",Financial & Insurance Services
"Payment plans for mobile dental clinic modifications",Financial & Insurance Services
"Process for ordering vehicles with mobile bakery specifications",Sales & Post-Purchase Services
"Requirements for purchasing fleet for ghost tour operations",Sales & Post-Purchase Services
"Protocol for ordering mobile science lab vehicles",Sales & Post-Purchase Services
"Procedures for ordering mobile salon service vehicles",Sales & Post-Purchase Services
"Steps for ordering vehicles with mobile cinema equipment",Sales & Post-Purchase Services
"Environmental impact of mobile kitchen ventilation systems",Environmental & Safety Concerns
"Safety protocols for vehicles used in tornado research",Environmental & Safety Concerns
"Impact of mobile greenhouse systems on vehicle performance",Environmental & Safety Concerns
"Configuration of safety systems for arctic research vehicles",Environmental & Safety Concerns
"Environmental considerations for mobile archaeology lab",Environmental & Safety Concerns
"Process for servicing vehicles used in paranormal investigations",Miscellaneous
"Requirements for maintaining mobile museum vehicles",Miscellaneous
"Protocol for servicing vehicles with sensitive scientific equipment",Miscellaneous
"Options for scheduling service for circus parade vehicles",Miscellaneous
"Requirements for maintaining mobile meditation studio vehicles",Miscellaneous
"LED daytime running lights pulse irregularly after software update",Technical Issues & Troubleshooting
"Wireless phone charger overheats during video streaming",Technical Issues & Troubleshooting
"Driver recognition system fails to detect authorized users wearing masks",Technical Issues & Troubleshooting
"Maintenance requirements for vehicles used in lunar eclipse tours",Maintenance & Servicing
"Service protocol for mobile yoga studio vehicles",Maintenance & Servicing
"Options for upgrading to professional wildlife photography setup",Vehicle Features & Upgrades
"Compatibility of mobile recording booth equipment",Vehicle Features & Upgrades
"Insurance coverage for mobile art therapy vehicles",Financial & Insurance Services
"Financing options for mobile language school conversion",Financial & Insurance Services
"Process for ordering vehicles with mobile planetarium equipment",Sales & Post-Purchase Services
"Requirements for mobile butterfly sanctuary vehicles",Sales & Post-Purchase Services
"Environmental impact of mobile hydroponics system",Environmental & Safety Concerns
"Safety protocols for mobile bee keeping vehicles",Environmental & Safety Concerns
"Process for servicing vehicles used in historical reenactments",Miscellaneous
"Requirements for maintaining mobile marriage ceremony vehicles",Miscellaneous
Query,Category
"Facial recognition system fails to authenticate during aurora borealis",Technical Issues & Troubleshooting
"360-degree camera system shows distortion near radio towers",Technical Issues & Troubleshooting
"Augmented reality display malfunctions during meteor showers",Technical Issues & Troubleshooting
"Vehicle-to-vehicle communication drops in mountain tunnels",Technical Issues & Troubleshooting
"Self-parking feature deactivates near holographic billboards",Technical Issues & Troubleshooting
"Traffic sign recognition fails during festival light shows",Technical Issues & Troubleshooting
"Biometric door handles unresponsive during sandstorms",Technical Issues & Troubleshooting
"Cross-traffic alert system triggers near wind farms",Technical Issues & Troubleshooting
"Active noise cancellation inverts during opera performances",Technical Issues & Troubleshooting
"Automatic headlights strobe near laser light installations",Technical Issues & Troubleshooting
"Service protocol for vehicles used in volcano monitoring",Maintenance & Servicing
"Maintenance schedule for mobile perfume boutique vehicles",Maintenance & Servicing
"Service requirements for mobile quantum computing lab",Maintenance & Servicing
"Maintenance needs for underwater photography vehicles",Maintenance & Servicing
"Service intervals for mobile hologram display vehicles",Maintenance & Servicing
"Maintenance protocol for zero-gravity simulation vehicles",Maintenance & Servicing
"Service requirements for mobile crystal growing lab",Maintenance & Servicing
"Maintenance schedule for mobile sound healing studio",Maintenance & Servicing
"Service protocol for mobile butterfly vivarium",Maintenance & Servicing
"Maintenance needs for mobile northern lights viewing",Maintenance & Servicing
"Options for upgrading to bioluminescence research setup",Vehicle Features & Upgrades
"Compatibility with mobile particle accelerator equipment",Vehicle Features & Upgrades
"Integration options for mobile virtual reality studio",Vehicle Features & Upgrades
"Available upgrades for mobile paleontology lab setup",Vehicle Features & Upgrades
"Upgrade path for mobile seismology research station",Vehicle Features & Upgrades
"Options for mobile coral reef monitoring equipment",Vehicle Features & Upgrades
"Compatibility of mobile DNA sequencing equipment",Vehicle Features & Upgrades
"Integration of mobile weather radar systems",Vehicle Features & Upgrades
"Available modifications for mobile robotics lab",Vehicle Features & Upgrades
"Upgrade options for mobile aerospace testing",Vehicle Features & Upgrades
"Insurance coverage for mobile antimatter research",Financial & Insurance Services
"Financing options for mobile renewable energy lab",Financial & Insurance Services
"Special coverage for mobile time-lapse photography",Financial & Insurance Services
"Insurance requirements for mobile cryogenics lab",Financial & Insurance Services
"Payment plans for mobile astronomy equipment",Financial & Insurance Services
"Insurance coverage for mobile glacier research",Financial & Insurance Services
"Financing options for mobile fungarium vehicle",Financial & Insurance Services
"Coverage for mobile bioluminescence research",Financial & Insurance Services
"Insurance for mobile electromagnetic field study",Financial & Insurance Services
"Payment options for mobile neuroscience lab",Financial & Insurance Services
"Process for ordering mobile mycology research vehicle",Sales & Post-Purchase Services
"Requirements for mobile borealis photography fleet",Sales & Post-Purchase Services
"Protocol for ordering mobile entomology lab vehicle",Sales & Post-Purchase Services
"Steps for mobile deep-sea research support vehicle",Sales & Post-Purchase Services
"Process for mobile crystallography lab vehicle",Sales & Post-Purchase Services
"Requirements for mobile astrobiology research unit",Sales & Post-Purchase Services
"Protocol for mobile plasma physics lab vehicle",Sales & Post-Purchase Services
"Steps for ordering mobile ornithology study vehicle",Sales & Post-Purchase Services
"Process for mobile radioastronomy support vehicle",Sales & Post-Purchase Services
"Requirements for mobile biodiversity study unit",Sales & Post-Purchase Services
"Environmental impact of mobile isotope lab systems",Environmental & Safety Concerns
"Safety protocols for mobile laser research vehicle",Environmental & Safety Concerns
"Impact of mobile magnetic field generators",Environmental & Safety Concerns
"Configuration for mobile radiation study safety",Environmental & Safety Concerns
"Environmental effects of mobile spectroscopy lab",Environmental & Safety Concerns
"Safety measures for mobile chemical analysis unit",Environmental & Safety Concerns
"Impact assessment of mobile fusion research lab",Environmental & Safety Concerns
"Environmental protocols for mobile genetics lab",Environmental & Safety Concerns
"Safety standards for mobile quantum optics lab",Environmental & Safety Concerns
"Environmental impact of mobile cosmic ray detector",Environmental & Safety Concerns
"Process for servicing mobile herpetology lab vehicle",Miscellaneous
"Requirements for mobile ethnography research unit",Miscellaneous
"Protocol for mobile psychoacoustics lab service",Miscellaneous
"Options for mobile dendrochronology lab maintenance",Miscellaneous
"Process for mobile mineralogy lab servicing",Miscellaneous
"Requirements for mobile aerodynamics lab service",Miscellaneous
"Protocol for mobile thermodynamics lab maintenance",Miscellaneous
"Options for mobile oceanography lab servicing",Miscellaneous
"Process for mobile meteorite research maintenance",Miscellaneous
"Requirements for mobile nanotechnology lab service",Miscellaneous
"Adaptive suspension calibration fails in geothermal areas",Technical Issues & Troubleshooting
"Vehicle predictive maintenance alerts trigger near solar flares",Technical Issues & Troubleshooting
"Maintenance protocol for vehicles tracking solar eclipses",Maintenance & Servicing
"Service requirements for mobile auroral spectrometry",Maintenance & Servicing
"Integration options for mobile dark matter detection",Vehicle Features & Upgrades
"Compatibility with mobile gravitational wave sensors",Vehicle Features & Upgrades
"Insurance coverage for mobile exoplanet observation",Financial & Insurance Services
"Financing for mobile atmospheric chemistry lab",Financial & Insurance Services
"Process for ordering mobile cosmology research vehicle",Sales & Post-Purchase Services
"Requirements for mobile planetary geology unit",Sales & Post-Purchase Services
"Environmental impact of mobile quantum entanglement lab",Environmental & Safety Concerns
"Safety protocols for mobile antimatter containment",Environmental & Safety Concerns
"Process for servicing mobile astrochemistry lab",Miscellaneous
"Requirements for mobile planetary defense vehicle",Miscellaneous
Query,Category
"Digital rear-view mirror pixelates near 5G towers",Technical Issues & Troubleshooting
"Gesture controls activate spontaneously near plasma globes",Technical Issues & Troubleshooting
"Vehicle AI assistant speaks random languages at dawn",Technical Issues & Troubleshooting
"Adaptive matrix headlights malfunction during meteor showers",Technical Issues & Troubleshooting
"Tire pressure monitoring system fluctuates in desert heat",Technical Issues & Troubleshooting
"Rain-sensing wipers activate in zero-gravity chambers",Technical Issues & Troubleshooting
"Door sensors malfunction near quantum computing facilities",Technical Issues & Troubleshooting
"Vehicle mood lighting syncs with nearby disco venues",Technical Issues & Troubleshooting
"Autonomous parking fails near superconducting magnets",Technical Issues & Troubleshooting
"Voice recognition system speaks in whale sounds underwater",Technical Issues & Troubleshooting
"Maintenance requirements for deep-sea pressure testing",Maintenance & Servicing
"Service protocol for vehicles in zero-oxygen environments",Maintenance & Servicing
"Maintenance schedule for sonic boom testing vehicles",Maintenance & Servicing
"Service needs for hypersonic wind tunnel test vehicles",Maintenance & Servicing
"Maintenance for vehicles in artificial rain chambers",Maintenance & Servicing
"Service protocol for electromagnetic pulse testing",Maintenance & Servicing
"Maintenance requirements for impact crater research",Maintenance & Servicing
"Service schedule for space debris tracking vehicles",Maintenance & Servicing
"Maintenance for mobile tectonic plate monitoring",Maintenance & Servicing
"Service needs for stratospheric sample collection",Maintenance & Servicing
"Upgrade options for mobile terraforming simulation",Vehicle Features & Upgrades
"Integration of quantum teleportation monitors",Vehicle Features & Upgrades
"Compatibility with dark energy detection systems",Vehicle Features & Upgrades
"Options for mobile antimatter containment unit",Vehicle Features & Upgrades
"Upgrades for mobile consciousness research lab",Vehicle Features & Upgrades
"Integration of mobile multiverse observation",Vehicle Features & Upgrades
"Compatibility with temporal field generators",Vehicle Features & Upgrades
"Options for mobile string theory testing lab",Vehicle Features & Upgrades
"Upgrades for mobile parallel universe detection",Vehicle Features & Upgrades
"Integration of mobile wormhole monitoring",Vehicle Features & Upgrades
"Insurance for interdimensional travel research",Financial & Insurance Services
"Coverage options for time dilation studies",Financial & Insurance Services
"Financing for quantum tunneling equipment",Financial & Insurance Services
"Insurance for parallel universe detection",Financial & Insurance Services
"Payment plans for temporal paradox research",Financial & Insurance Services
"Coverage for dark matter containment risks",Financial & Insurance Services
"Insurance for quantum entanglement studies",Financial & Insurance Services
"Financing for cosmic string research vehicles",Financial & Insurance Services
"Coverage for antigravity research equipment",Financial & Insurance Services
"Payment options for vacuum energy studies",Financial & Insurance Services
"Ordering process for mobile quark detector",Sales & Post-Purchase Services
"Requirements for temporal research vehicle",Sales & Post-Purchase Services
"Protocol for ordering quantum foam analyzer",Sales & Post-Purchase Services
"Steps for mobile multiverse portal vehicle",Sales & Post-Purchase Services
"Process for mobile tachyon detection unit",Sales & Post-Purchase Services
"Requirements for mobile vacuum decay monitor",Sales & Post-Purchase Services
"Protocol for mobile monopole detector unit",Sales & Post-Purchase Services
"Steps for mobile string field theory lab",Sales & Post-Purchase Services
"Process for mobile quantum gravity tester",Sales & Post-Purchase Services
"Requirements for mobile cosmic ray shower",Sales & Post-Purchase Services
"Environmental impact of quantum field generators",Environmental & Safety Concerns
"Safety protocols for temporal displacement",Environmental & Safety Concerns
"Impact of mobile singularity containment",Environmental & Safety Concerns
"Configuration for dark energy collectors",Environmental & Safety Concerns
"Environmental effects of quantum tunneling",Environmental & Safety Concerns
"Safety measures for antimatter production",Environmental & Safety Concerns
"Impact of mobile dimension portal safety",Environmental & Safety Concerns
"Environmental protocols for time dilation",Environmental & Safety Concerns
"Safety standards for quantum superposition",Environmental & Safety Concerns
"Environmental impact of gravity manipulation",Environmental & Safety Concerns
"Process for servicing time dilation chambers",Miscellaneous
"Requirements for quantum teleporter maintenance",Miscellaneous
"Protocol for dark matter detector calibration",Miscellaneous
"Options for antigravity system certification",Miscellaneous
"Process for dimension portal maintenance",Miscellaneous
"Requirements for cosmic string lab service",Miscellaneous
"Protocol for quantum computer cooling",Miscellaneous
"Options for temporal field maintenance",Miscellaneous
"Process for parallel universe detector",Miscellaneous
"Requirements for vacuum energy collector",Miscellaneous
"Holographic display malfunctions in aurora borealis",Technical Issues & Troubleshooting
"Neural interface disconnects near crystal caves",Technical Issues & Troubleshooting
"Service protocol for supersonic barrier testing",Maintenance & Servicing
"Maintenance for quantum tunneling research",Maintenance & Servicing
"Integration of mobile black hole simulation",Vehicle Features & Upgrades
"Compatibility with neutrino detection array",Vehicle Features & Upgrades
"Insurance for quantum superposition studies",Financial & Insurance Services
"Financing for mobile fusion containment",Financial & Insurance Services
"Process for mobile string theory lab vehicle",Sales & Post-Purchase Services
"Requirements for quantum entanglement unit",Sales & Post-Purchase Services
"Environmental impact of temporal field research",Environmental & Safety Concerns
"Safety protocols for quantum vacuum testing",Environmental & Safety Concerns
"Process for servicing gravity wave detectors",Miscellaneous
"Requirements for quantum computer cooling",Miscellaneous
"Interior lighting becomes self-aware during full moon",Technical Issues & Troubleshooting
"Climate control creates miniature weather systems",Technical Issues & Troubleshooting
"Navigation predicts destinations before journey starts",Technical Issues & Troubleshooting
"Maintenance for vehicles in temporal anomalies",Maintenance & Servicing
"Service protocol for parallel universe testing",Maintenance & Servicing
"Integration of consciousness transfer equipment",Vehicle Features & Upgrades
"Options for mobile reality distortion field",Vehicle Features & Upgrades
"Insurance for temporal paradox resolution",Financial & Insurance Services
"Coverage for quantum consciousness research",Financial & Insurance Services
"Process for ordering reality warping vehicle",Sales & Post-Purchase Services
"Steps for mobile dimension hopping unit",Sales & Post-Purchase Services
"Impact of quantum reality manipulation",Environmental & Safety Concerns
"Safety measures for timeline intersection",Environmental & Safety Concerns
Query,Category
"Side cameras glitch when passing street art murals",Technical Issues & Troubleshooting
"Auto-leveling suspension randomly activates near waterfalls",Technical Issues & Troubleshooting
"Infotainment system plays classical music during lightning",Technical Issues & Troubleshooting
"Vehicle refuses to start near carnival ferris wheels",Technical Issues & Troubleshooting
"Smart tailgate opens when detecting passing trains",Technical Issues & Troubleshooting
"Memory seats reset when driving through cloud cover",Technical Issues & Troubleshooting
"Auto-dimming mirrors react to festival laser shows",Technical Issues & Troubleshooting
"Lane assist malfunctions on rainbow-painted crosswalks",Technical Issues & Troubleshooting
"Premium sound system develops jazz preferences at sunset",Technical Issues & Troubleshooting
"Climate control mimics external weather patterns",Technical Issues & Troubleshooting
"Maintenance protocol for vehicles in butterfly sanctuaries",Maintenance & Servicing
"Service requirements for mobile aromatherapy studios",Maintenance & Servicing
"Maintenance schedule for floating meditation pods",Maintenance & Servicing
"Service intervals for mobile crystal healing rooms",Maintenance & Servicing
"Maintenance needs for traveling fortune telling booth",Maintenance & Servicing
"Service protocol for mobile dream interpretation lab",Maintenance & Servicing
"Maintenance for aura photography vehicle setup",Maintenance & Servicing
"Service schedule for mobile zen garden transport",Maintenance & Servicing
"Maintenance for traveling chakra alignment studio",Maintenance & Servicing
"Service needs for mobile feng shui consultation",Maintenance & Servicing
"Options for upgrading to professional origami studio",Vehicle Features & Upgrades
"Compatibility with mobile puppetry theater setup",Vehicle Features & Upgrades
"Integration of mobile kaleidoscope display system",Vehicle Features & Upgrades
"Available upgrades for mobile bubble art studio",Vehicle Features & Upgrades
"Upgrade path for mobile sand mandala creation",Vehicle Features & Upgrades
"Options for mobile paper cutting art studio",Vehicle Features & Upgrades
"Compatibility with mobile kite design workshop",Vehicle Features & Upgrades
"Integration of mobile shadow puppet theater",Vehicle Features & Upgrades
"Available modifications for mobile pinhole camera",Vehicle Features & Upgrades
"Upgrade options for mobile wind chime gallery",Vehicle Features & Upgrades
"Insurance coverage for mobile meditation retreat",Financial & Insurance Services
"Financing options for mobile tarot reading salon",Financial & Insurance Services
"Special coverage for mobile astrology studio",Financial & Insurance Services
"Insurance requirements for mobile reiki practice",Financial & Insurance Services
"Payment plans for mobile sound bath equipment",Financial & Insurance Services
"Insurance coverage for mobile tea ceremony room",Financial & Insurance Services
"Financing options for mobile incense workshop",Financial & Insurance Services
"Coverage for mobile crystal healing practice",Financial & Insurance Services
"Insurance for mobile color therapy sessions",Financial & Insurance Services
"Payment options for mobile mindfulness space",Financial & Insurance Services
"Process for ordering mobile poetry reading venue",Sales & Post-Purchase Services
"Requirements for mobile calligraphy studio fleet",Sales & Post-Purchase Services
"Protocol for ordering mobile origami workshop",Sales & Post-Purchase Services
"Steps for mobile wind instrument showroom",Sales & Post-Purchase Services
"Process for mobile pottery demonstration unit",Sales & Post-Purchase Services
"Requirements for mobile soap making workshop",Sales & Post-Purchase Services
"Protocol for mobile candle making studio",Sales & Post-Purchase Services
"Steps for ordering mobile weaving workshop",Sales & Post-Purchase Services
"Process for mobile bonsai display vehicle",Sales & Post-Purchase Services
"Requirements for mobile quilting workshop",Sales & Post-Purchase Services
"Environmental impact of mobile incense testing",Environmental & Safety Concerns
"Safety protocols for mobile essential oil diffusion",Environmental & Safety Concerns
"Impact of mobile sage burning ceremonies",Environmental & Safety Concerns
"Configuration for mobile salt lamp displays",Environmental & Safety Concerns
"Environmental effects of mobile mist generators",Environmental & Safety Concerns
"Safety measures for mobile bamboo garden",Environmental & Safety Concerns
"Impact of mobile zen water features",Environmental & Safety Concerns
"Environmental protocols for mobile herb garden",Environmental & Safety Concerns
"Safety standards for mobile crystal displays",Environmental & Safety Concerns
"Environmental impact of mobile fountain systems",Environmental & Safety Concerns
"Process for servicing mobile harp recital space",Miscellaneous
"Requirements for mobile poetry slam venue",Miscellaneous
"Protocol for mobile meditation pod maintenance",Miscellaneous
"Options for mobile crystal room cleaning",Miscellaneous
"Process for mobile art gallery lighting",Miscellaneous
"Requirements for mobile puppet theater setup",Miscellaneous
"Protocol for mobile tai chi space preparation",Miscellaneous
"Options for mobile yoga studio sanitization",Miscellaneous
"Process for mobile dance floor maintenance",Miscellaneous
"Requirements for mobile concert stage prep",Miscellaneous
"Autonomous driving confused by street performers",Technical Issues & Troubleshooting
"Voice control activates during opera performances",Technical Issues & Troubleshooting
"Service protocol for traveling magic show vehicle",Maintenance & Servicing
"Maintenance for mobile circus equipment",Maintenance & Servicing
"Integration options for mobile painting studio",Vehicle Features & Upgrades
"Compatibility with mobile sculpture workshop",Vehicle Features & Upgrades
"Insurance coverage for mobile theater props",Financial & Insurance Services
"Financing for mobile dance costume storage",Financial & Insurance Services
"Process for ordering mobile ballet studio",Sales & Post-Purchase Services
"Requirements for mobile music school vehicle",Sales & Post-Purchase Services
"Environmental impact of mobile art supplies",Environmental & Safety Concerns
"Safety protocols for mobile stage effects",Environmental & Safety Concerns
"Process for servicing mobile recording booth",Miscellaneous
"Requirements for mobile costume workshop",Miscellaneous
"Park assist malfunctions near street musicians",Technical Issues & Troubleshooting
"Auto-start disabled during outdoor festivals",Technical Issues & Troubleshooting
"Maintenance for mobile juggling equipment",Maintenance & Servicing
"Service protocol for traveling puppet shows",Maintenance & Servicing
"Integration of mobile light show equipment",Vehicle Features & Upgrades
"Options for mobile face painting studio",Vehicle Features & Upgrades
"Insurance for mobile mime performance",Financial & Insurance Services
"Coverage for traveling storyteller vehicle",Financial & Insurance Services
"Process for ordering mobile theater stage",Sales & Post-Purchase Services
"Steps for mobile art gallery conversion",Sales & Post-Purchase Services
"Impact of mobile stage lighting systems",Environmental & Safety Concerns
"Safety measures for mobile prop storage",Environmental & Safety Concerns
"Process for mobile costume maintenance",Miscellaneous
"Requirements for mobile theater cleaning",Miscellaneous